circuit,n_layers,n_qubits,mode,simulator,mean_ms,std_ms,batch_size,n_iters,threads,infidelity
crx_ring,1,2,expval,jaqsi_pulse,0.941749,0.143764,2,20,1,
crx_ring,1,2,expval,pennylane_pulse,9.301864,0.299623,2,20,1,
crx_ring,1,2,expval,qutip_pulse,148.775613,3.027806,2,20,1,
crx_ring,1,2,expval,dynamiqs_pulse,7.107218,0.329081,2,20,1,
crx_ring,1,2,density,jaqsi_pulse,0.866844,0.086733,2,20,1,1.465494e-14
crx_ring,1,2,density,pennylane_pulse,8.415936,0.327377,2,20,1,1.454392e-14
crx_ring,1,2,density,qutip_pulse,140.956831,2.491802,2,20,1,1.532108e-14
crx_ring,1,2,density,dynamiqs_pulse,6.830709,0.273473,2,20,1,1.487699e-14
crx_ring,1,2,noise,jaqsi_pulse,0.966614,0.097367,2,20,1,1.332268e-14
crx_ring,1,2,noise,pennylane_pulse,8.502296,0.242313,2,20,1,1.465494e-14
crx_ring,1,2,noise,qutip_pulse,142.588692,2.639766,2,20,1,1.387779e-14
crx_ring,1,2,noise,dynamiqs_pulse,6.947648,0.340579,2,20,1,1.487699e-14
crx_ring,1,3,expval,jaqsi_pulse,0.945653,0.174738,2,20,1,
crx_ring,1,3,expval,pennylane_pulse,10.499725,0.410198,2,20,1,
crx_ring,1,3,expval,qutip_pulse,211.073511,5.152978,2,20,1,
crx_ring,1,3,expval,dynamiqs_pulse,10.097494,0.522966,2,20,1,
crx_ring,1,3,density,jaqsi_pulse,1.044847,0.594531,2,20,1,1.409983e-14
crx_ring,1,3,density,pennylane_pulse,9.842482,0.316808,2,20,1,1.409983e-14
crx_ring,1,3,density,qutip_pulse,211.583760,3.686346,2,20,1,1.310063e-14
crx_ring,1,3,density,dynamiqs_pulse,10.077340,0.501888,2,20,1,1.421085e-14
crx_ring,1,3,noise,jaqsi_pulse,1.106624,0.634462,2,20,1,7.327472e-15
crx_ring,1,3,noise,pennylane_pulse,9.909649,0.353086,2,20,1,9.214851e-15
crx_ring,1,3,noise,qutip_pulse,216.660816,3.185783,2,20,1,9.992007e-15
crx_ring,1,3,noise,dynamiqs_pulse,10.397547,0.307591,2,20,1,7.771561e-15
crx_ring,1,4,expval,jaqsi_pulse,1.094446,0.497957,2,20,1,
crx_ring,1,4,expval,pennylane_pulse,12.122498,0.364745,2,20,1,
crx_ring,1,4,expval,qutip_pulse,282.433030,4.201873,2,20,1,
crx_ring,1,4,expval,dynamiqs_pulse,13.256111,0.350493,2,20,1,
crx_ring,1,4,density,jaqsi_pulse,1.067469,0.110388,2,20,1,1.398881e-14
crx_ring,1,4,density,pennylane_pulse,11.403301,0.511975,2,20,1,1.398881e-14
crx_ring,1,4,density,qutip_pulse,279.997337,3.929098,2,20,1,1.387779e-14
crx_ring,1,4,density,dynamiqs_pulse,13.153689,0.444081,2,20,1,1.376677e-14
crx_ring,1,4,noise,jaqsi_pulse,1.256608,0.752401,2,20,1,1.454392e-14
crx_ring,1,4,noise,pennylane_pulse,11.709650,0.299773,2,20,1,1.765255e-14
crx_ring,1,4,noise,qutip_pulse,290.246575,3.406072,2,20,1,1.598721e-14
crx_ring,1,4,noise,dynamiqs_pulse,13.604028,0.651546,2,20,1,1.509903e-14
crx_ring,1,5,expval,jaqsi_pulse,1.216357,0.769904,2,20,1,
crx_ring,1,5,expval,pennylane_pulse,13.777821,0.407105,2,20,1,
crx_ring,1,5,expval,qutip_pulse,353.119421,4.733641,2,20,1,
crx_ring,1,5,expval,dynamiqs_pulse,16.470230,0.742347,2,20,1,
crx_ring,1,5,density,jaqsi_pulse,1.218912,0.739012,2,20,1,1.887379e-14
crx_ring,1,5,density,pennylane_pulse,13.105242,0.502240,2,20,1,1.931788e-14
crx_ring,1,5,density,qutip_pulse,353.450131,4.275352,2,20,1,1.976197e-14
crx_ring,1,5,density,dynamiqs_pulse,16.266940,0.574129,2,20,1,1.887379e-14
crx_ring,1,5,noise,jaqsi_pulse,1.680436,0.960839,2,20,1,1.942890e-14
crx_ring,1,5,noise,pennylane_pulse,14.773755,0.541665,2,20,1,1.987299e-14
crx_ring,1,5,noise,qutip_pulse,372.642031,4.369261,2,20,1,2.031708e-14
crx_ring,1,5,noise,dynamiqs_pulse,18.872955,0.837262,2,20,1,1.709743e-14
crx_ring,1,6,expval,jaqsi_pulse,1.302351,0.738899,2,20,1,
crx_ring,1,6,expval,pennylane_pulse,14.989446,0.418054,2,20,1,
crx_ring,1,6,expval,qutip_pulse,426.128990,5.837681,2,20,1,
crx_ring,1,6,expval,dynamiqs_pulse,19.672614,0.533983,2,20,1,
crx_ring,1,6,density,jaqsi_pulse,1.387986,0.883926,2,20,1,2.686740e-14
crx_ring,1,6,density,pennylane_pulse,14.446413,0.648748,2,20,1,2.642331e-14
crx_ring,1,6,density,qutip_pulse,428.466084,7.165725,2,20,1,2.675637e-14
crx_ring,1,6,density,dynamiqs_pulse,19.204866,0.540346,2,20,1,2.686740e-14
crx_ring,1,6,noise,jaqsi_pulse,3.263050,1.052990,2,20,1,2.498002e-14
crx_ring,1,6,noise,pennylane_pulse,22.971734,0.384719,2,20,1,2.975398e-14
crx_ring,1,6,noise,qutip_pulse,502.281203,10.796739,2,20,1,2.609024e-14
crx_ring,1,6,noise,dynamiqs_pulse,33.216979,0.525428,2,20,1,2.531308e-14
crx_ring,1,7,expval,jaqsi_pulse,1.451032,0.869829,2,20,1,
crx_ring,1,7,expval,pennylane_pulse,16.698877,0.561107,2,20,1,
crx_ring,1,7,expval,qutip_pulse,496.917879,6.911071,2,20,1,
crx_ring,1,7,expval,dynamiqs_pulse,22.745315,1.251864,2,20,1,
crx_ring,1,7,density,jaqsi_pulse,1.476080,0.945508,2,20,1,2.819966e-14
crx_ring,1,7,density,pennylane_pulse,15.843743,0.565052,2,20,1,2.831069e-14
crx_ring,1,7,density,qutip_pulse,501.497577,5.742449,2,20,1,2.708944e-14
crx_ring,1,7,density,dynamiqs_pulse,22.479111,0.901915,2,20,1,2.842171e-14
crx_ring,1,7,noise,jaqsi_pulse,9.062227,1.194752,2,20,1,3.408385e-14
crx_ring,1,7,noise,pennylane_pulse,58.290864,3.641554,2,20,1,2.764455e-14
crx_ring,1,7,noise,qutip_pulse,600.134570,6.211237,2,20,1,3.275158e-14
crx_ring,1,7,noise,dynamiqs_pulse,94.151828,0.934825,2,20,1,3.042011e-14
crx_ring,1,8,expval,jaqsi_pulse,1.524704,1.067298,2,20,1,
crx_ring,1,8,expval,pennylane_pulse,18.867773,0.617992,2,20,1,
crx_ring,1,8,expval,qutip_pulse,571.623627,6.768364,2,20,1,
crx_ring,1,8,expval,dynamiqs_pulse,26.060456,0.851516,2,20,1,
crx_ring,1,8,density,jaqsi_pulse,1.829207,1.216122,2,20,1,2.853273e-14
crx_ring,1,8,density,pennylane_pulse,18.155051,0.838249,2,20,1,2.875478e-14
crx_ring,1,8,density,qutip_pulse,575.227695,5.656933,2,20,1,2.864375e-14
crx_ring,1,8,density,dynamiqs_pulse,25.915518,0.680446,2,20,1,2.886580e-14
crx_ring,1,8,noise,jaqsi_pulse,40.019193,1.979303,2,20,1,2.831069e-14
crx_ring,1,8,noise,pennylane_pulse,248.807242,4.553542,2,20,1,2.553513e-14
crx_ring,1,8,noise,qutip_pulse,963.467549,5.894995,2,20,1,2.819966e-14
crx_ring,1,8,noise,dynamiqs_pulse,395.203465,2.632710,2,20,1,2.797762e-14
crx_ring,1,9,expval,jaqsi_pulse,1.758517,1.164167,2,20,1,
crx_ring,1,9,expval,pennylane_pulse,20.800970,0.643501,2,20,1,
crx_ring,1,9,expval,qutip_pulse,644.594179,7.588442,2,20,1,
crx_ring,1,9,expval,dynamiqs_pulse,29.303068,0.690855,2,20,1,
crx_ring,1,9,density,jaqsi_pulse,2.873739,1.786575,2,20,1,4.007905e-14
crx_ring,1,9,density,pennylane_pulse,21.647753,1.988954,2,20,1,4.019007e-14
crx_ring,1,9,density,qutip_pulse,649.596070,7.937362,2,20,1,4.229950e-14
crx_ring,1,9,density,dynamiqs_pulse,30.420723,0.886233,2,20,1,4.019007e-14
crx_ring,1,9,noise,jaqsi_pulse,174.717373,0.907444,2,20,1,3.774758e-14
crx_ring,1,9,noise,pennylane_pulse,1104.992741,6.455915,2,20,1,3.530509e-14
crx_ring,1,9,noise,qutip_pulse,2397.716505,25.653650,2,20,1,3.652634e-14
crx_ring,1,9,noise,dynamiqs_pulse,2027.437757,6.927927,2,20,1,3.685940e-14
crx_ring,1,10,expval,jaqsi_pulse,1.983942,1.168100,2,20,1,
crx_ring,1,10,expval,pennylane_pulse,23.508413,0.612544,2,20,1,
crx_ring,1,10,expval,qutip_pulse,728.388895,7.241286,2,20,1,
crx_ring,1,10,expval,dynamiqs_pulse,32.995579,0.990678,2,20,1,
crx_ring,1,10,density,jaqsi_pulse,21.715811,0.979517,2,20,1,4.218847e-14
crx_ring,1,10,density,pennylane_pulse,53.093417,1.324415,2,20,1,4.218847e-14
crx_ring,1,10,density,qutip_pulse,800.016165,8.547799,2,20,1,4.107825e-14
crx_ring,1,10,density,dynamiqs_pulse,48.485227,5.508472,2,20,1,4.196643e-14
crx_ring,1,10,noise,jaqsi_pulse,958.426557,9.234898,2,20,1,3.752554e-14
crx_ring,1,10,noise,pennylane_pulse,5828.336246,121.686571,2,20,1,3.930190e-14
crx_ring,1,10,noise,qutip_pulse,18398.811356,42.419069,2,20,1,4.019007e-14
crx_ring,1,10,noise,dynamiqs_pulse,12906.248890,103.363140,2,20,1,3.397282e-14
crx_ring,1,11,expval,jaqsi_pulse,2.496815,1.343924,2,20,1,
crx_ring,1,11,expval,pennylane_pulse,26.383733,0.664304,2,20,1,
crx_ring,1,11,expval,qutip_pulse,801.562767,7.165033,2,20,1,
crx_ring,1,11,expval,dynamiqs_pulse,38.287895,0.896280,2,20,1,
crx_ring,1,11,density,jaqsi_pulse,84.610720,2.479119,2,20,1,4.840572e-14
crx_ring,1,11,density,pennylane_pulse,175.429484,3.861125,2,20,1,4.862777e-14
crx_ring,1,11,density,qutip_pulse,1112.911307,16.632970,2,20,1,4.796163e-14
crx_ring,1,11,density,dynamiqs_pulse,126.099085,2.480169,2,20,1,4.818368e-14
crx_ring,1,11,noise,jaqsi_pulse,6678.418521,6.291054,2,20,1,5.284662e-14
crx_ring,1,11,noise,pennylane_pulse,54363.827443,155.752217,2,20,1,5.384582e-14
crx_ring,1,11,noise,qutip_pulse,127967.273556,87.109214,2,20,1,5.173639e-14
crx_ring,1,11,noise,dynamiqs_pulse,76767.713326,160.734291,2,20,1,5.240253e-14
crx_ring,1,12,expval,jaqsi_pulse,3.484365,1.513849,2,20,1,
crx_ring,1,12,expval,pennylane_pulse,31.669988,0.585876,2,20,1,
crx_ring,1,12,expval,qutip_pulse,916.252544,7.931340,2,20,1,
crx_ring,1,12,expval,dynamiqs_pulse,44.964974,1.012823,2,20,1,
crx_ring,1,12,density,jaqsi_pulse,332.130208,4.679765,2,20,1,5.140333e-14
crx_ring,1,12,density,pennylane_pulse,632.773779,7.059265,2,20,1,5.173639e-14
crx_ring,1,12,density,qutip_pulse,2092.305188,18.487012,2,20,1,5.107026e-14
crx_ring,1,12,density,dynamiqs_pulse,380.609692,4.946736,2,20,1,5.151435e-14
crx_ring,1,12,noise,jaqsi_pulse,31218.875977,55.420959,2,20,1,4.873879e-14
crx_ring,1,12,noise,pennylane_pulse,260794.581007,540.340357,2,20,1,4.951595e-14
crx_ring,1,12,noise,qutip_pulse,568236.889608,294.678737,2,20,1,5.140333e-14
crx_ring,1,12,noise,dynamiqs_pulse,344618.570805,1316.524731,2,20,1,5.084821e-14
