n_qubits,mode,simulator,mean_ms,std_ms,batch_size,n_iters
2,expval,jaqsi_pulse,2.150363,0.348317,2,20
2,expval,pennylane_pulse,67.264762,4.798298,2,20
2,expval,qutip_pulse,48.863916,1.418704,2,20
2,expval,dynamiqs_pulse,7.179526,0.694742,2,20
2,state,jaqsi_pulse,2.231851,0.477933,2,20
2,state,pennylane_pulse,62.374503,4.270394,2,20
2,state,qutip_pulse,47.326573,1.867142,2,20
2,state,dynamiqs_pulse,7.326392,0.870950,2,20
2,density,jaqsi_pulse,2.050474,0.361634,2,20
2,density,pennylane_pulse,58.798367,1.846429,2,20
2,density,qutip_pulse,45.576576,1.615377,2,20
2,density,dynamiqs_pulse,8.548739,0.462013,2,20
3,expval,jaqsi_pulse,1.811290,0.340019,2,20
3,expval,pennylane_pulse,90.560392,2.195849,2,20
3,expval,qutip_pulse,80.234052,13.625673,2,20
3,expval,dynamiqs_pulse,13.796327,1.025083,2,20
3,state,jaqsi_pulse,1.871713,0.533652,2,20
3,state,pennylane_pulse,84.219521,2.476648,2,20
3,state,qutip_pulse,72.298905,3.241835,2,20
3,state,dynamiqs_pulse,14.785148,2.314597,2,20
3,density,jaqsi_pulse,2.275691,0.356594,2,20
3,density,pennylane_pulse,84.936270,3.170972,2,20
3,density,qutip_pulse,69.636190,4.461318,2,20
3,density,dynamiqs_pulse,14.384104,1.395665,2,20
4,expval,jaqsi_pulse,1.817445,0.511453,2,20
4,expval,pennylane_pulse,121.422110,8.390800,2,20
4,expval,qutip_pulse,103.428697,4.116552,2,20
4,expval,dynamiqs_pulse,24.702628,4.225157,2,20
4,state,jaqsi_pulse,2.336177,0.480583,2,20
4,state,pennylane_pulse,114.720036,7.953253,2,20
4,state,qutip_pulse,99.722145,3.751605,2,20
4,state,dynamiqs_pulse,23.983075,3.666989,2,20
4,density,jaqsi_pulse,2.165999,0.518093,2,20
4,density,pennylane_pulse,112.395362,5.709766,2,20
4,density,qutip_pulse,97.119854,2.969522,2,20
4,density,dynamiqs_pulse,25.228310,2.531673,2,20
5,expval,jaqsi_pulse,2.685374,0.633770,2,20
5,expval,pennylane_pulse,151.767421,15.085485,2,20
5,expval,qutip_pulse,131.131573,6.734148,2,20
5,expval,dynamiqs_pulse,45.358730,4.156729,2,20
5,state,jaqsi_pulse,2.223665,0.526598,2,20
5,state,pennylane_pulse,137.725087,8.540714,2,20
5,state,qutip_pulse,131.781703,3.893229,2,20
5,state,dynamiqs_pulse,34.862463,1.551909,2,20
5,density,jaqsi_pulse,2.279201,0.512819,2,20
5,density,pennylane_pulse,142.168685,6.301024,2,20
5,density,qutip_pulse,133.558833,5.252321,2,20
5,density,dynamiqs_pulse,36.857884,3.057354,2,20
6,expval,jaqsi_pulse,2.709646,0.507092,2,20
6,expval,pennylane_pulse,182.674396,6.543006,2,20
6,expval,qutip_pulse,187.440135,5.033915,2,20
6,expval,dynamiqs_pulse,64.651094,4.284640,2,20
6,state,jaqsi_pulse,2.061557,0.518964,2,20
6,state,pennylane_pulse,162.973615,4.672260,2,20
6,state,qutip_pulse,200.869052,9.983308,2,20
6,state,dynamiqs_pulse,64.306455,3.484166,2,20
6,density,jaqsi_pulse,2.137123,0.515736,2,20
6,density,pennylane_pulse,179.161612,11.250503,2,20
6,density,qutip_pulse,190.975747,6.778949,2,20
6,density,dynamiqs_pulse,72.812315,7.171227,2,20
7,expval,jaqsi_pulse,2.474188,0.440602,2,20
7,expval,pennylane_pulse,209.342780,8.053776,2,20
7,expval,qutip_pulse,292.929112,15.492931,2,20
7,expval,dynamiqs_pulse,119.626671,7.562002,2,20
7,state,jaqsi_pulse,2.277130,0.567987,2,20
7,state,pennylane_pulse,200.093999,11.151737,2,20
7,state,qutip_pulse,290.128868,12.664420,2,20
7,state,dynamiqs_pulse,125.046975,10.042682,2,20
7,density,jaqsi_pulse,2.549677,0.612852,2,20
7,density,pennylane_pulse,202.039554,9.962216,2,20
7,density,qutip_pulse,270.592455,10.833863,2,20
7,density,dynamiqs_pulse,134.007459,19.293285,2,20
8,expval,jaqsi_pulse,2.684971,0.568803,2,20
8,expval,pennylane_pulse,231.071190,6.431976,2,20
8,expval,qutip_pulse,529.686506,19.390418,2,20
8,expval,dynamiqs_pulse,239.689740,12.748570,2,20
8,state,jaqsi_pulse,2.595231,0.538215,2,20
8,state,pennylane_pulse,227.029733,21.392162,2,20
8,state,qutip_pulse,560.521594,16.030712,2,20
8,state,dynamiqs_pulse,241.425195,22.096038,2,20
8,density,jaqsi_pulse,2.883007,0.608536,2,20
8,density,pennylane_pulse,236.032143,21.417320,2,20
8,density,qutip_pulse,518.610338,21.045305,2,20
8,density,dynamiqs_pulse,236.229520,9.570857,2,20
