n_qubits,mode,simulator,mean_ms,std_ms,batch_size,n_iters,infidelity
2,expval,jaqsi_pulse,2.510660,0.450200,2,20,
2,expval,qutip_pulse,44.318579,1.832923,2,20,
2,expval,dynamiqs_pulse,6.569811,0.865839,2,20,
2,state,jaqsi_pulse,2.356210,0.526382,2,20,0.000000e+00
2,state,qutip_pulse,47.284559,2.385280,2,20,1.143530e-14
2,state,dynamiqs_pulse,7.166390,1.012797,2,20,1.199041e-14
2,density,jaqsi_pulse,1.797356,0.368176,2,20,2.220446e-16
2,density,qutip_pulse,46.077234,1.595527,2,20,1.088019e-14
2,density,dynamiqs_pulse,7.559698,0.646339,2,20,1.043610e-14
3,expval,jaqsi_pulse,2.204781,0.365184,2,20,
3,expval,qutip_pulse,69.499710,2.435211,2,20,
3,expval,dynamiqs_pulse,10.337574,0.710987,2,20,
3,state,jaqsi_pulse,1.920215,0.388058,2,20,2.220446e-16
3,state,qutip_pulse,65.498497,1.450050,2,20,1.387779e-14
3,state,dynamiqs_pulse,11.661000,0.825592,2,20,1.332268e-14
3,density,jaqsi_pulse,2.117618,0.368668,2,20,4.440892e-16
3,density,qutip_pulse,68.435083,1.684079,2,20,1.376677e-14
3,density,dynamiqs_pulse,14.016164,2.185426,2,20,1.265654e-14
4,expval,jaqsi_pulse,2.135683,0.530018,2,20,
4,expval,qutip_pulse,90.393189,2.633159,2,20,
4,expval,dynamiqs_pulse,20.203621,2.714623,2,20,
4,state,jaqsi_pulse,2.078902,0.485161,2,20,6.661338e-16
4,state,qutip_pulse,94.192748,4.372443,2,20,1.298961e-14
4,state,dynamiqs_pulse,21.255037,2.273544,2,20,1.176836e-14
4,density,jaqsi_pulse,2.249417,0.446236,2,20,4.440892e-16
4,density,qutip_pulse,95.994526,3.820325,2,20,1.509903e-14
4,density,dynamiqs_pulse,17.421671,1.707554,2,20,1.398881e-14
5,expval,jaqsi_pulse,2.134849,0.501812,2,20,
5,expval,qutip_pulse,124.817035,5.400929,2,20,
5,expval,dynamiqs_pulse,28.518665,2.629121,2,20,
5,state,jaqsi_pulse,2.202823,0.462341,2,20,4.440892e-16
5,state,qutip_pulse,124.958510,5.508360,2,20,2.631229e-14
5,state,dynamiqs_pulse,32.294013,2.855247,2,20,2.375877e-14
5,density,jaqsi_pulse,1.912319,0.509567,2,20,8.881784e-16
5,density,qutip_pulse,127.696194,2.813836,2,20,2.475797e-14
5,density,dynamiqs_pulse,39.105245,8.728385,2,20,2.153833e-14
6,expval,jaqsi_pulse,2.007498,0.482831,2,20,
6,expval,qutip_pulse,163.372272,8.825427,2,20,
6,expval,dynamiqs_pulse,60.263902,6.238110,2,20,
6,state,jaqsi_pulse,2.153224,0.454313,2,20,1.554312e-15
6,state,qutip_pulse,182.301601,9.934517,2,20,3.164136e-14
6,state,dynamiqs_pulse,55.219510,4.500469,2,20,2.797762e-14
6,density,jaqsi_pulse,2.101564,0.445742,2,20,7.771561e-15
6,density,qutip_pulse,173.005795,5.794833,2,20,3.363976e-14
6,density,dynamiqs_pulse,65.236393,10.794965,2,20,2.819966e-14
7,expval,jaqsi_pulse,2.590108,0.541246,2,20,
7,expval,qutip_pulse,245.235017,11.704656,2,20,
7,expval,dynamiqs_pulse,96.764105,11.201258,2,20,
7,state,jaqsi_pulse,2.544150,0.651436,2,20,1.110223e-15
7,state,qutip_pulse,240.477208,9.438777,2,20,3.919087e-14
7,state,dynamiqs_pulse,99.983171,8.065719,2,20,3.264056e-14
7,density,jaqsi_pulse,2.328207,0.502351,2,20,0.000000e+00
7,density,qutip_pulse,238.532588,6.669315,2,20,2.597922e-14
7,density,dynamiqs_pulse,87.760126,3.348331,2,20,1.376677e-14
8,expval,jaqsi_pulse,3.220116,0.534894,2,20,
8,expval,qutip_pulse,352.235077,29.330481,2,20,
8,expval,dynamiqs_pulse,196.726525,14.053726,2,20,
8,state,jaqsi_pulse,2.494206,0.599994,2,20,8.881784e-16
8,state,qutip_pulse,353.558099,19.926111,2,20,5.506706e-14
8,state,dynamiqs_pulse,202.372467,19.549278,2,20,3.819167e-14
8,density,jaqsi_pulse,3.293687,1.160708,2,20,2.331468e-14
8,density,qutip_pulse,357.264536,17.817371,2,20,3.752554e-14
8,density,dynamiqs_pulse,181.064439,11.507053,2,20,1.283418e-13
